category,project_queue_position,transmission_owner,terminal_from,terminal_to,line_length_miles,line_length_miles_notes,in_service_season,in_service_year,voltage_operating_kv,voltage_design_kv,num_circuits,project_includes_circuits,num_circuits_notes,thermal_rating_summer,thermal_rating_winter,thermal_rating_units,project_includes_thermal_rating,thermal_rating_notes,project_description,class_year_or_construction_type
Class Year Transmission Projects,"631,15,21",CHPE LLC,Hertel 735kV (Quebec),Astoria Annex 345kV,363.0,,S,2026,400,400,1,true,,1000,1000,MW,true,,-/+ 320kV Bipolar HVDC cable 2021,
Class Year Transmission Projects,"887,15,21",CHPE LLC,Hertel 735kV (Quebec),Astoria Annex 345kV,363.0,,S,2026,400,400,1,true,,250,250,MW,true,,-/+ 320kV Bipolar HVDC cable 2021,
Class Year Transmission Projects,1288,Clean Path New York LLC,Fraser 345kV,Rainey 345kV,173.0,,S,2028,492,492,1,true,,1300,1300,MW,true,,'-/+ 400kV Bipolar HVDC cable 2023,
TIP Projects,556,NGRID,Rotterdam,Rotterdam Remove 77H Bus,,,S,2028,230,230,,false,originally 'N/A',,,,false,N/A in source; N/A in source,Rotterdam 230kV Substation 77H Bus and 230:115kV #7 and #8 Transformers Retired and #6 230:115kV Moved to Existing #7 Transformer Position,
TIP Projects,556,LSP,Gordon Rd (New Station),Gordon Rd (New Station) Remove transformer,,,S,2029,345/230,345/230,1,true,,637,760,MVA,true,,Gordon Road T9/TR_G1 345/230 kV transformer is to retire by Spring 2029,
TIP Projects,556,LSP/NGRID,Gordon Rd,(New Station) Rotterdam,-0.1,,S,2029,230,230,1,true,,1260,1500,A,true,,Gordon Road T9/TR_G1 345/230 kV transformer to retire by Spring 2029; Line#31 series jumper is to also retire with the transformer T9,
TIP Projects,556,LSP,Gordon,Rd (New Station) Rotterdam Transformer,,,S,2029,345/115,345/115,2,true,,882,996,MVA,true,,Two Gordon Road 345/115 kV transformers are to come online by Spring 2029; AC Transmission Seg A project,
TIP Projects,543,New York Transco,Dover,(New Station) Dover (New Station) Phase Shifter,,,S,2025,345,345,,false,originally '---',2510,2510,A,true,,Loop Line 398 into new substation and install 2 x 750 MVAr PARs,
TIP Projects,543,New York Transco,Cricket Valley,CT State Line,-3.5,,S,2025,345,345,1,true,,2220,2700,A,true,,Loop Line into new Dover Substation/2-795 ACSS,OH
TIP Projects,543,New York Transco,Cricket Valley,Dover (New Station),0.4,,S,2025,345,345,1,true,,2220,2700,A,true,,Loop Line into new Dover Substation/2-795 ACSS,OH
TIP Projects,543,New York Transco,Dover (New Station),CT State Line,3.0,,S,2025,345,345,1,true,,2220,2700,A,true,,Loop Line into new Dover Substation/2-795 ACSS,OH
TIP Projects,1125,NYPA,Edic,Marcy,1.4,,W,2025,345,345,1,true,,4030,4880,A,true,,SPCP Terminal Equipment Upgrades to existing line,
TIP Projects,"SPCP: Existing Moses - Adirondack (MA1), Moses - Adirondack (MA2), and Moses - Willis (MW2) 230 kV Lines to 1125",NYPA,Moses,Haverstock,2.0,,W,2025,230,230,3,true,,1089,1330,A,true,,Haverstock Substation. 1 – 795 kcmil ACSR 26/7 “Drake”,
TIP Projects,1125,NYPA,Moses,Moses Substation,,,W,2025,230,230,,false,originally 'N/A',,,,false,N/A in source; N/A in source,SPCP: Terminal Upgrades at Moses 230 kV Substation and Transformer T3 and MW-2 breaker positions interchanged,
TIP Projects,1125,NYPA,Haverstock,Haverstock Transformer,,,W,2025,230/345,230/345,3,true,,753,753,A,true,,"SPCP: Haverstock 230/345 kV xfmr-1, xfmr-2 and xfmr-3. Given Amp Ratings are for High Voltage side of xfmr.",
TIP Projects,1125,NYPA,Haverstock,Haverstock Substation,,,W,2025,345,345,,false,originally 'N/A',,,,false,N/A in source; N/A in source,SPCP: Haverstock 345 kV Substation. New Shunt Capacitor Banks.,
TIP Projects,"SPCP: Existing Moses - Adirondack (MA1), Moses - Adirondack (MA2) 230kV lines to Haverstock Substation.Creating new 1125",NYPA,Haverstock,Adirondack,83.7,,W,2025,345,345,2,true,,2177,2663,A,true,,Haverstock to Adirondack (HA1) and Haverstock to Adirondack (HA2) 345kV lines. 2 – 795 kcmil ACSR 26/7 “Drake”,
TIP Projects,1125,NYPA,Adirondack,Adirondack Transformer,,,W,2025,115/345,115/345,1,true,,192,221,A,true,,SPCP: Adirondack 115/345 kV xfmr. Given Amp Ratings are for High Voltage side of xfmr.,
TIP Projects,1125,NYPA,Adirondack,Adirondack Substation,,,W,2025,345,345,,false,originally 'N/A',,,,false,N/A in source; N/A in source,SPCP: Adirondack 345 kV Substation. New Shunt Capacitor Banks. New Shunt Reactor Banks.,
TIP Projects,SPCP: Existing Moses - Willis (MW1) and Moses - Willis (MW2) 230 kV Lines diverted to to Haverstock Substation. Creating 1125,NYPA,Haverstock,Willis,35.0,,S,2026,345,345,2,true,,3119,3660,A,true,,Haverstock - Willis (HW1) and Haverstock - Willis (HW1) 345 kV Lines. 2 – 795 kcmil ACSS 26/7 “Drake”,
TIP Projects,1125,NYPA,Willis,Willis Transformer,,,W,2025,345/230,345/230,2,true,,2259,2259,A,true,,SPCP: Willis 345/230 kV xfmr-1 and xfmr-2. Given Amp Ratings are for High Voltage side.,
TIP Projects,1125,NYPA,Willis,Willis Substation,,,W,2025,230,230,,false,originally 'N/A',,,,false,N/A in source; N/A in source,SPCP: New Willis 345 kV Substation. New Shunt Capacitor Bank.,
TIP Projects,1125,NYPA,Willis,Patnode,8.7,,W,2025,230,230,2,true,,2078,2440,A,true,,SPCP: Two Willis - Patnode 230 kV Lines. 1 – 1272 kcmil ACSS 45/7 “Bittern”,
TIP Projects,1125,NYPA,Willis,Ryan,6.6,,S,2026,230,230,2,true,,2078,2440,A,true,,SPCP: Two Willis - Ryan 230 kV Lines. 1 – 1272 kcmil ACSS 45/7 “Bittern”,
TIP Projects,1125,NYPA,Ryan,Ryan Substation,,,W,2025,230,230,,false,originally 'N/A',,,,false,N/A in source; N/A in source,SPCP: Terminal Upgrades at Ryan 230 kV Substation.,
TIP Projects,1125,NYPA,Patnode,Patnode Substation,,,W,2025,230,230,,false,originally 'N/A',,,,false,N/A in source; N/A in source,SPCP: Terminal Upgrades at Patnode 230 kV Substation.,
TIP Projects,1125,NYPA,Willis (Existing),Willis (New),0.4,,S,2026,230,230,2,true,,2078,2440,A,true,,SPCP: Two Willis (existing) - Willis (New) 230 kV Lines. 1 – 1272 kcmil ACSS 45/7 “Bittern”,
TIP Projects,1125,NYPA/NGRID,Adirondack,Austin Road,11.6,,W,2025,345,345,1,true,,3119,3660,A,true,,SPCP: Adirondack - Austin Road Circuit-1 345 kV Line. 2 – 795 kcmil ACSS 26/7 “Drake”,
TIP Projects,1125,NYPA/NGRID,Adirondack,Marcy,52.6,,W,2025,345,345,1,true,,3119,3660,A,true,,SPCP: Adirondack - Marcy Circuit-1 345 kV Line. 2 – 795 kcmil ACSS 26/7 “Drake”,
TIP Projects,1125,NGRID,Austin,Road Edic,42.5,,W,2025,345,345,1,true,,3119,3660,A,true,,SPCP: Austin Road -Edic Circuit-1 345 kV Line. 2 – 795 kcmil ACSS 26/7 “Drake”,
TIP Projects,1125,NGRID,Rector Road,Austin Road,1.0,,W,2025,230,230,1,true,,1089,1330,A,true,,SPCP: Rector Road - Austin Road Circuit-1 230 kV Line. 1 – 795 kcmil ACSR 26/7 “Drake”,
TIP Projects,1125,NGRID,Austin,Road Austin Road Transformer,,,W,2025,230/345,230/345,1,true,,753,753,A,true,,SPCP: Austin Road 230/345 kV xfmr. Given Amp Ratings are for High Voltage side of xfmr.,
TIP Projects,1125,NGRID,Austin,Road Austin Road Substation,,,W,2025,345,345,,false,originally 'N/A',,,,false,N/A in source; N/A in source,SPCP: Austin Road 345 kV Substation.,
TIP Projects,1125,NGRID,Edic,Edic Substation,,,W,2025,345,345,,false,originally 'N/A',,,,false,N/A in source; N/A in source,SPCP: Terminal Upgrades at Edic 345 kV Substation. New Shunt Capacitor Bank.,
TIP Projects,1125,NYPA,Marcy,Marcy Substation,,,W,2025,345,345,,false,originally 'N/A',,,,false,N/A in source; N/A in source,SPCP: Terminal Upgrades at Marcy 345 kV Substation.,
TIP Projects,1125,NGRID,Chases,Lake Chases Lake Substation,,,W,2025,230,230,,false,originally 'N/A',,,,false,N/A in source; N/A in source,SPCP: Retire 230kV Substation.,
TIP Projects,1125,NYPA,Moses,Massena Series Reactor,,,S,2025,230,230,2,true,,3840,4560,A,true,,SPCP: Install Series Reactors on Moses -Massena 230 kV Lines,
TIP Projects,1125,NYPA,Moses,Adirondack,-85.7,,W,2025,230,230,2,true,,,,,false,N/A in source; N/A in source,SPCP: Retire Existing Moses - Adirondack MA1 and MA2 230 kV Lines,
TIP Projects,1125,NYPA,Moses,Willis,-37.0,,S,2026,230,230,2,true,,,,,false,N/A in source; N/A in source,SPCP: Retire Existing Moses - Willis MW1 and MW2 230 kV Line,
TIP Projects,631/887,NYPA,Astoria,Annex Rainey,3.4,,S,2026,345,345,1,true,,2099,2099,A,true,,"Q#631 and Q# 887 are part of Class Year 2021. It includes an elective System Upgrade Facility, Astoria Annex - Rainey CY 2021 / Under Ground Cable (UG) 345kV XLPE cable. Conductor Type : XLPE Cable",
TIP Projects,1125,NGRID,Adirondack,Porter,-54.4,,W,2025,230,230,1,true,,,,,false,N/A in source; N/A in source,SPCP: Retire Existing Adirondack - Porter 230 kV Line,
TIP Projects,1125,NGRID,Adirondack,Chases Lake,-11.1,,W,2025,230,230,1,true,,,,,false,N/A in source; N/A in source,SPCP: Retire Existing Adirondack - Chases Lake 230 kV Line,
TIP Projects,1125,NGRID,Chases,Lake Porter,-43.5,,W,2025,230,230,1,true,,,,,false,N/A in source; N/A in source,SPCP: Retire Existing Chases Lake - Porter 230 kV Line,
TIP Projects,1125,NYPA,Willis,Patnode,-8.7,,W,2025,230,230,1,true,,,,,false,N/A in source; N/A in source,SPCP: Retire Existing Willis - Patnode WPN1 230 kV Line.,
TIP Projects,1125,NYPA,Willis,Ryan,-6.6,,S,2026,230,230,1,true,,,,,false,N/A in source; N/A in source,SPCP: Retire Existing Willis - Ryan WRY2 230 kV Line.,
TIP Projects,1289 24,NYPA,Uniondale Hub,Uniondale Hub,,originally '-',S,2029,345,345,,false,originally 'N/A',,,,false,N/A in source; N/A in source,LI PPTN: Station Upgrade,
TIP Projects,"1289, 23, 24",NYPA,Uniondale,Hub Uniondale Hub PAR,,,S,2029,345,345,1,true,,709,897,MVA,true,,LI PPTN: New PAR for Y54 Line,
TIP Projects,"1289, 23, 24",NYPA,Uniondale,Hub Uniondale Hub Shunt Reactor,,,S,2029,345,345,,false,originally '-',,,,false,N/A in source; N/A in source,LI PPTN: Two (2) New Shunt Reactors. 300 MVAR and 120 MVAR,
TIP Projects,"1289, 24",NYPA/TRANSCO,Uniondale Hub,New Shore Road,10.3,,S,2030,345,345,1,true,,819,901,MVA,true,,LI PPTN: New 345 kV Circuit (4000kcmil XLPE),UG
TIP Projects,"1289, 24",NYPA/TRANSCO,Uniondale,Hub Barrett,8.8,,S,2030,345,345,1,true,,819,901,MVA,true,,LI PPTN: New 345 kV Circuit (4000kcmil XLPE),UG
TIP Projects,"1289, 24",NYPA/TRANSCO,Uniondale,Hub Tremont,23.5,,S,2030,345,345,1,true,,819,901,MVA,true,,LI PPTN: New 345 kV Circuit (4000kcmil XLPE),UG
TIP Projects,1289,NYPA/TRANSCO,Barrett,Barrett,,originally '-',S,2030,345,345,,false,originally 'N/A',,,,false,N/A in source; N/A in source,LI PPTN: New 345 kV Substation,
TIP Projects,1289,NYPA/TRANSCO,Barrett,Barrett Shunt Reactor,,,S,2030,345,345,,false,originally '-',,,,false,N/A in source; N/A in source,LI PPTN: New 100 MVAR Shunt Reactor at New Barrett 345 kV,
TIP Projects,1289,NYPA/TRANSCO,Barrett,Barrett Transformer,,,S,2030,345/138,345/138,2,true,,462,540,MVA,true,,LI PPTN: Two (2) New Transformers,
TIP Projects,1289,NYPA/TRANSCO,Barrett,Barrett PAR,,,S,2030,138,138,2,true,,462,540,MVA,true,,LI PPTN: Two (2) New Phase Angle Regulators for Barrett 345/138 kV,
TIP Projects,1289,NYPA/TRANSCO,New Shore Road,New Shore Road,,originally '-',S,2030,345,345,,false,originally 'N/A',,,,false,N/A in source; N/A in source,LI PPTN: New 345 kV Substation,
TIP Projects,1289,NYPA/TRANSCO,New,Shore Road New Shore Road Transformer,,,S,2030,345/138,345/138,1,true,,462,540,MVA,true,,LI PPTN: One (1) New Transformer,
TIP Projects,1289,NYPA/TRANSCO,New,Shore Road New Shore Road PAR,,,S,2030,138,138,1,true,,462,540,MVA,true,,LI PPTN: One (1) New Phase Angle Regulator,
TIP Projects,1289,NYPA/TRANSCO,New,Shore Road New Shore Road Shunt Reactor,,,S,2030,345,345,,false,originally '-',,,,false,N/A in source; N/A in source,"LI PPTN: Three (3) New Shunt Reactors. 150, 150, 106 MVAR",
TIP Projects,1289,NYPA/TRANSCO,New,Shore Road New Shore Road PAR,,,S,2030,345,345,2,true,,709,897,MVA,true,,LI PPTN: Two (2) New Phase Angle Regulators for Y57/Y58,
TIP Projects,1289,NYPA/TRANSCO,New Shore Road,New Ruland Road,17.8,,S,2030,345,345,1,true,,819,901,MVA,true,,LI PPTN: New 345 kV Circuit (4000kcmil XLPE),UG
TIP Projects,1289,NYPA/TRANSCO,New Shore,Road Sprain Brook,18.1,,S,2030,345,345,2,true,,819,901,MVA,true,,LI PPTN: Two (2) New 345 kV Circuits (4000kcmil XLPE/1400mm2 Tri-core),UG
TIP Projects,1289,NYPA/TRANSCO,Shore,Road Syosset,11.3,,S,2030,138,138,1,true,,360,400,MVA,true,,LI PPTN: New 138 kV Circuit (4000kcmil XLPE),UG
TIP Projects,1289,NYPA/TRANSCO,New Rochelle,New Rochelle,,originally '-',S,2030,345,345,,false,originally 'N/A',,,,false,N/A in source; N/A in source,LI PPTN: New 345 kV Transition Substation,
TIP Projects,1289,NYPA/TRANSCO,New Ruland Road,New Ruland Road,,originally '-',S,2030,345,345,,false,originally 'N/A',,,,false,N/A in source; N/A in source,LI PPTN: New 345 kV Substation,
TIP Projects,1289,NYPA/TRANSCO,New Ruland Road,New Ruland Road,,originally '-',S,2030,138,138,,false,originally 'N/A',,,,false,N/A in source; N/A in source,LI PPTN: New 138 kV Substation,
TIP Projects,1289,NYPA/TRANSCO,New,Ruland Road New Ruland Road Transformer,,,S,2030,345/138,345/138,3,true,,462,540,MVA,true,,LI PPTN: Three (3) New Transformers,
TIP Projects,1289,NYPA/TRANSCO,New,Ruland Road New Ruland Road PAR,,,S,2030,345,345,1,true,,607,648,MVA,true,,LI PPTN: One (1) New Phase Angle Regulator for Y55,
TIP Projects,1289,NYPA/TRANSCO,New,Ruland Road New Ruland Road Shunt Reactor,,,S,2030,345,345,,false,originally '-',,,,false,N/A in source; N/A in source,LI PPTN: Two (2) New Shunt Reactors. 150 MVAR each.,
TIP Projects,1289,ConEd,Tremont,Tremont Reconfiguration,,,S,2030,345,345,,false,originally 'N/A',,,,false,N/A in source; N/A in source,LI PPTN: Ring bus 345kV GIS installation,
TIP Projects,1289,ConEd,Sprain,Brook Sprain Brook Reconfiguration,,,S,2030,345,345,,false,originally 'N/A',,,,false,N/A in source; N/A in source,LI PPTN: Additional bay(s) installation,
TIP Projects,1289,ConEd,Sprain,Brook Sprain Brook Reconfiguration,,,S,2030,345,345,,false,originally 'N/A',,,,false,N/A in source; N/A in source,LI PPTN: Shunt reactor(s) installation,
TIP Projects,1667,ConEd,Rainey,Rainey Reconfiguration,,,S,2030,345,345,,false,originally 'N/A',,,,false,N/A in source; N/A in source,LI PPTN: Installation of breakers,
TIP Projects,1125,NGRID,Edic,Porter,-0.4,,W,2025,230,230,1,true,,,,,false,N/A in source; N/A in source,SPCP: Retire Existing Edic-Porter #17 230kV Line,
TIP Projects,1289,LIPA,Valley Stream,Valley Stream,,originally '-',S,2030,,,,false,originally '-',,,,false,N/A in source; N/A in source,LI PPTN: Substation Relay Protection Upgrade,
TIP Projects,1289,LIPA,Barrett,Barrett,,originally '-',S,2030,,,,false,originally '-',,,,false,N/A in source; N/A in source,LI PPTN: Substation Relay Protection Upgrade,
TIP Projects,1289,LIPA,Lake Success,Lake Success,,originally '-',S,2030,,,,false,originally '-',,,,false,N/A in source; N/A in source,LI PPTN: Substation Relay Protection Upgrade,
TIP Projects,"1289, 24",LIPA,Stewart,Ave Stewart Ave Series Reactors,,,S,2030,138,138,,false,originally '-',,,,false,N/A in source; N/A in source,LI PPTN: Series Reactors on circuits 138-462/463,
TIP Projects,"1289, 24",LIPA,Stewart,Ave Stewart Ave Series Reactor,,,S,2030,138,138,,false,originally '-',,,,false,N/A in source; N/A in source,LI PPTN: Series Reactor on circuits 138-262,
TIP Projects,"1289, 24",LIPA,Stewart Ave,Stewart Ave,,originally '-',S,2030,,,,false,originally '-',,,,false,N/A in source; N/A in source,LI PPTN: Substation Relay Protection Upgrade,
TIP Projects,1289,LIPA,Syosset,Oakwood,2.7,,S,2030,138,138,1,true,,,,,false,TBD in source; TBD in source,LI PPTN: Reconfigure the existing circuit to a 2-cable circuit,UG
TIP Projects,1289,LIPA,Syosset,Greenlawn,2.7,,S,2030,138,138,1,true,,,,,false,TBD in source; TBD in source,LI PPTN: Reconfigure the existing circuit to a 2-cable circuit,UG
TIP Projects,1289,LIPA,Newbridge Road,Newbridge Road,,originally '-',S,2030,138,138,,false,originally '-',,,,false,N/A in source; N/A in source,LI PPTN: Replace Substation Breaker 1460,
TIP Projects,1289 24,LIPA,Uniondale Hub,Ruland Road,12.4,,S,2030,345,345,1,true,,,,,false,TBD in source; TBD in source,LI PPTN: reconductor/convert 138-467/567 to 345kV operation,UG
TIP Projects,1289,LIPA,Newbridge Road,Newbridge Road,0.6,,S,2030,345,345,1,true,,,,,false,TBD in source; TBD in source,LI PPTN: New circuit connect between 138-467 and 138-567,UG
TIP Projects,1289,LIPA,Northport,Northport PAR,,,S,2030,138,138,,false,originally '-',,,,false,TBD in source; TBD in source,LI PPTN: Install a new 138kV Phase Angle Regulating Transformer,
TIP Projects,1289,LIPA,Ruland,Road Ruland Road Series Reactors,,,S,2030,138,138,,false,originally '-',,,,false,N/A in source; N/A in source,LI PPTN: Series Reactors on circuits 138-561/562,
TIP Projects,1289,LIPA,Holbrook,Holbrook,,originally '-',S,2030,138,138,,false,originally '-',,,,false,N/A in source; N/A in source,LI PPTN: Replace Switch 1322 with a breaker,
TIP Projects,1289,LIPA,Syosset,Syosset PAR,,,S,2030,138,138,,false,originally '-',,,,false,TBD in source; TBD in source,LI PPTN: Install a new 138kV Phase Angle Regulating Transformer,
TIP Projects,1289,LIPA,Shore,Road Shore Road Reconfiguration,,,S,2030,138,138,,false,originally '-',,,,false,TBD in source; TBD in source,LI PPTN: Expand substation and add terminals,
TIP Projects,1289,LIPA,Ruland,Road Ruland Road Reconfiguration,,,S,2030,138,138,,false,originally '-',,,,false,TBD in source; TBD in source,LI PPTN: Expand substation and add terminals,
TIP Projects,1289,LIPA,Barrett,Barrett Substation,,,S,2030,138,138,,false,originally '-',,,,false,TBD in source; TBD in source,LI PPTN: NUF to accommodate two terminals,
Firm Plans,3,CHGE,Kerhonkson,Kerhonkson Transformer,,,In-Service,2024,115/69,115/69,1,true,,827,1006,A,true,,Add Transformer 4,
Firm Plans,"11, 3",CHGE,Galeville,Kerhonkson,9.2,,In-Service,2024,115,115,1,true,,1010,1245,A,true,,1-795 ACSR: Convert to 115 kV Operation,OH
Firm Plans,"11, 3",CHGE,Modena,Galeville,4.6,,In-Service,2024,115,115,1,true,,1010,1245,A,true,,1-795 ACSR: Convert to 115 kV Operation,OH
Firm Plans,"11, 3",CHGE,Hurley,Ave Saugerties,11.5,,In-Service,2024,69,115,1,true,,1114,1359,A,true,,1-795 ACSR,OH
Firm Plans,3,CHGE,Myers Corners,Knapps Corners,2.9,,In-Service,2025,69,69,1,true,,879,1096,A,true,,Line rebuild,OH
Firm Plans,,CHGE,Hurley Avenue Leeds,Static synchronous series,,,S,2025,345,345,1,true,,2336,2866,A,true,,21% Compensation - compensator,
Firm Plans,,CHGE,South,Cairo South Cairo Substation,,,S,2025,69,69,,false,originally 'N/A',,,,false,N/A in source; N/A in source,Install statcom and cap bank,
Firm Plans,,CHGE,Kerhonkson,Kerhonkson Transformer,,,W,2025,115/69,115/69,1,true,,827,1006,A,true,,Add Transformer 3,
Firm Plans,11,CHGE,High,Falls Kerhonkson,10.0,,W,2025,115,115,1,true,,1010,1245,A,true,,1-795 ACSR: Convert to 115 kV Operation,OH
Firm Plans,,CHGE,Sugarloaf NY/NJ,State Line,-10.3,,W,2025,115,115,2,true,,,,,false,N/A in source; N/A in source,Retire SD/SJ Lines,OH
Firm Plans,11,CHGE,St. Pool,High Falls,5.7,,W,2025,115,115,1,true,,1010,1245,A,true,,1-795 ACSR: Convert to 115 kV Operation,OH
Firm Plans,,CHGE,New,Baltimore New Baltimore Substation,,,W,2025,69,69,,false,originally 'N/A',,,,false,N/A in source; N/A in source,Install statcom and cap bank,
Firm Plans,,CHGE,Clinton,Ave Clinton Ave Substation,,,W,2025,69,69,,false,originally 'N/A',,,,false,N/A in source; N/A in source,Retire Clinton Ave tap,
Firm Plans,11,CHGE,Saugerties,North Catskill,12.5,,S,2026,69,115,1,true,,1114,1359,A,true,,1-795 ACSR,OH
Firm Plans,,CHGE,North,Catskill Churchtown,2.9,,S,2027,115,115,1,true,,1010,1245,A,true,,Rebuild of CHG&E's Portion,OH
Firm Plans,,CHGE,Honk Falls,East Delaware,13.5,,S,2028,69,69,1,true,,510,594,A,true,,Line rebuild,OH
Firm Plans,,CHGE,East Delaware,West Delaware,0.6,,S,2028,69,69,1,true,,536,644,A,true,,Line rebuild,OH
Firm Plans,,CHGE,West,Delaware Neversink,2.0,,S,2028,69,69,1,true,,402,427,A,true,,Line rebuild,OH
Firm Plans,,CHGE,North,Catskill Coxsackie,8.6,,S,2029,69,115,1,true,,1280,1565,A,true,,Line rebuild,OH
Firm Plans,6,CHGE,Knapps,Corners Spackenkill,2.4,,W,2029,115,115,1,true,,1280,1563,A,true,,1-1033 ACSR,OH
Firm Plans,,CHGE,Pleasant Valley,East Park,6.8,,W,2030,69,115,1,true,,1088,1330,A,true,,Line rebuild,OH
Firm Plans,,CHGE,East,Park Staatsburg,4.5,,W,2030,69,115,1,true,,1088,1330,A,true,,Line rebuild,OH
Firm Plans,,CHGE,Staatsburg,Rhinebeck,7.8,,W,2030,69,115,1,true,,1088,1330,A,true,,Line rebuild,OH
Firm Plans,,ConEd,Hudson Ave East Vinegar,Hill Distribution Switching Station,,originally '-',S,2025,138/27,138/27,,false,originally 'N/A',,,,false,N/A in source; N/A in source,Reconductoring to accommodate additional capacity,UG
Firm Plans,,ConEd,Gowanus,Greenwood Xfmr/PAR/Feeder,,,S,2025,345/138,345/138,,false,originally 'N/A',,,,false,N/A in source; N/A in source,New PAR regulated feeder (third connection),UG
Firm Plans,,ConEd,Mott,Haven MTA/Amtrak,,originally '-',S,2025,138/13,138/13,,false,originally 'N/A',,,,false,N/A in source; N/A in source,Connection to MTA/Amtrak,
Firm Plans,,ConEd,Goethals,Fox Hills Xfmr/PAR/Feeder,,,S,2025,345/138,345/138,,false,originally 'N/A',,,,false,N/A in source; N/A in source,New PAR regulated feeder,UG
Firm Plans,,ConEd,Parkchester,MTA/Amtrak,,originally '-',S,2026,138/13,138/13,,false,originally 'N/A',,,,false,N/A in source; N/A in source,Connection to MTA/Amtrak,
Firm Plans,,ConEd,Gowanus,Greenwood Xfmr/PAR/Feeder,,,S,2026,345/138,345/138,,false,originally 'N/A',,,,false,N/A in source; N/A in source,New PAR regulated feeder (fourth connection),UG
Firm Plans,,ConEd,Millwood,West Millwood West Transformer,,,S,2026,345/138,345/138,,false,originally 'N/A',,,,false,N/A in source; N/A in source,Replacing xfmr TA1,
Firm Plans,,ConEd,Astoria,East Astoria Annex Feeder,,,S,2026,138,138,2086,true,,2599,,A,true,N/A in source,Elective System Upgrade Facility for Q631 NS Power Express (reconducting feeder 34091),OH
Firm Plans,,ConEd,Rainey,Rainey Transformer,,,S,2026,345/138,345,,false,originally 'N/A',,,,false,N/A in source; N/A in source,Replacing xfmr 3W,
Firm Plans,,ConEd,Buchanan,North Buchanan North Reconfiguration,,,S,2026,345,345,,false,originally 'N/A',,,,false,N/A in source; N/A in source,Reconfiguration (separating feeder Y94 and xmrf TA5 by adding breaker 12),
Firm Plans,,ConEd,Fresh,Kills Fresh Kills Transformer,,,S,2026,345/138,345,,false,originally 'N/A',,,,false,N/A in source; N/A in source,Replacing xfmr TA1,
Firm Plans,,ConEd,Brooklyn,Clean Energy Hub (BCEH) Brooklyn Clean Energy Hub (BCEH) Substation,,,S,2028,345,345,,false,originally 'N/A',,,,false,N/A in source; N/A in source,New 345 kV Substation,
Firm Plans,,ConEd,Brooklyn,Clean Energy Hub (BCEH) Gateway Park Substation,,,S,2028,345/138/13345/138/13,,,false,originally 'N/A',,,,false,N/A in source; N/A in source,New Area Substation,
Firm Plans,,ConEd,Eastern,Queens Eastern Queens Substation,,,S,2028,138,138,,false,originally 'N/A',,,,false,N/A in source; N/A in source,New 138 kV Substation,
Firm Plans,,ConEd,Eastern,Queens Idlewild Substation,,,S,2028,138/27,138/27,,false,originally 'N/A',,,,false,N/A in source; N/A in source,New Area Substation,
Firm Plans,,ConEd,East,179th St. Parkchester No. 1 Transformer,,,S,2029,138/13,138/13,,false,originally 'N/A',,,,false,N/A in source; N/A in source,Spare 138/13.8 kV xfrm at Parkchester No. 1,
Firm Plans,,ConEd,Mott,Haven Parkview,,originally '-',S,2029,345/138/13345/138/13,,,false,originally 'N/A',,,,false,N/A in source; N/A in source,Spare 345/138 kV xfrm at Mott Haven and a spare 138/13.8 kV xfrm at Parkview,UG
Firm Plans,,ConEd,Fox,Hills Fox Hills Transformer,,,S,2030,138/33,138/33,,false,originally 'N/A',,,,false,N/A in source; N/A in source,Spare 138/33 kV xfrm at Fox Hills,
Firm Plans,,ConEd,Dunwoodie,North Cedar St. Transformer,,,S,2031,138/13,138/13,,false,originally 'N/A',,,,false,N/A in source; N/A in source,Spare 138/13.8 kV xfrm at Cedar St.,
Firm Plans,,ConEd,Brooklyn,Clean Energy Hub (BCEH) Nevins Substation,,,S,2032,138/27,138/27,,false,originally 'N/A',,,,false,N/A in source; N/A in source,Greenwood Transmission Load Area,
Firm Plans,,ConEd,Brooklyn,Clean Energy Hub (BCEH) East 13th St. Feeder,,,S,2033,345,345,,false,originally 'N/A',,,,false,N/A in source; N/A in source,Reconnection of existing 345 kV transmission feeders 45 and 46,
Firm Plans,,ConEd,Eastern,Queens Hillside Substation,,,S,2033,138/27,138/27,,false,originally 'N/A',,,,false,N/A in source; N/A in source,New Area Substation,
Firm Plans,,ConEd,Brooklyn,Clean Energy Hub (BCEH) Atlantic Substation,,,S,2034,345/138/27345/138/27,,,false,originally 'N/A',,,,false,N/A in source; N/A in source,New Area Substation,
Firm Plans,3,LIPA,Arverne,Rockaway Beach,2.9,,In-Service,2024,34.5,34.5,1,true,,986,1002,A,true,,2500kcmil,UG
Firm Plans,,LIPA,East of Buell,East of Buell,,originally '---',In-Service,2024,34.5,34.5,,false,originally '-',,,,false,dash placeholder in source; dash placeholder in source,Convert 23kV System to 34.5 kV System,
Firm Plans,,LIPA,Elwood,Northport,,originally '-',S,2025,138,138,1,true,,362,406,MVA,true,,Replace 2300AL strain bus connections with Double 1192AL at Elwood Substation,
Firm Plans,,LIPA,Elwood,Greenlawn,,originally '-',S,2025,138,138,1,true,,366,382,MVA,true,,Replace 2300AL strain bus connections with Double 1192AL at Elwood Substation,
Firm Plans,,LIPA,Hauppauge,Central Islip,,originally '-',S,2025,138,138,1,true,,232,251,MVA,true,,Replace single 1192AL strain bus connections with Double 1192AL at Hauppauge Substation,
Firm Plans,,LIPA,Hauppauge,Pilgrim,,originally '-',S,2025,138,138,1,true,,297,357,MVA,true,,Replace single 1192AL strain bus connections with Double 1192AL at Hauppauge Substation,
Firm Plans,,LIPA,Bridgehampton,Buell,,originally '---',S,2025,69,69,1,true,,110,120,MVA,true,,Installation of New 69kV circuit from Bridgehampton to Buell. 2500 MCM CU XLPE,UG
Firm Plans,,LIPA,Bayport,MacArthur,3.7,,S,2028,69,69,1,true,,106,139,MVA,true,,Reconductoring 2.11 miles of 477 kcmil ACSR with a larger conductor,
Firm Plans,,LIPA,Ocean,Avenue Barrett Series Reactor,,,S,2028,34.5,34.5,,false,originally 'N/A',,,,false,N/A in source; N/A in source,Add 2 ohm series reactor to Ocean Ave for circuit 33-220/222,
Firm Plans,22,NGRID/NYSEG,Mortimer,Station,56,,In-Service,2024,115,115,1,true,,649,788,A,true,,Mortimer-Pannell #24 Loop in-and-out of NYSEG's Station 56,
Firm Plans,22,NGRID,Station,56 Pannell,,,In-Service,2024,115,115,1,true,,649,788,A,true,,Mortimer-Pannell #24 Loop in-and-out of NYSEG's Station 56,
Firm Plans,,NGRID,Alcoa,Alcoa Substation,,,In-Service,2024,115,115,,false,originally '-',,,,false,N/A in source; N/A in source,Upgrade limiting equipment at Alcoa,
Firm Plans,,NGRID,Mortimer,Mortimer,,originally '-',In-Service,2024,115,115,,false,originally 'N/A',,,,false,N/A in source; N/A in source,Second 115kV Bus Tie Breaker at Mortimer Station,
Firm Plans,,NGRID,Stoner,Stoner,,originally '-',In-Service,2024,115,115,,false,originally '-',,,,false,N/A in source; N/A in source,Upgrade limiting equipment at Stoner CLCPA,
Firm Plans,6,NGRID,Gardenville,Dunkirk,20.5,,In-Service,2024,115,115,2,true,,1105,1346,A,true,,Replace 20.5 miles of 141 and 142 lines from Gardenville to North Angola,OH
Firm Plans,,NGRID,Clay,Woodard,,,In-Service,2024,115,115,1,true,,1105,1347,A,true,,Add 10.5mH reactor on line #17,OH
Firm Plans,,NGRID,Clay,Wetzel,3.7,,S,2025,115,115,1,true,,220,220,MVA,true,,Add a breaker at Clay and build approximately 2000 feet of 115kV to create radial line,
Firm Plans,,NGRID,Terminal,Terminal,,originally '-',S,2025,115,115,,false,originally '-',,,,false,N/A in source; N/A in source,Rebuild 115/13.2kV Terminal substation,
Firm Plans,,NGRID,Oswego,Oswego,,originally '-',S,2025,345,345,,false,originally 'N/A',,,,false,N/A in source; N/A in source,Rebuild of Oswego 345kV Station (asset separation).,
Firm Plans,,NGRID,Colton,Dennison,,originally '-',S,2025,115,115,1,true,,916,1118,A,true,,Replace Station connections. Line #4,
Firm Plans,,NGRID,Andover,Andover,,originally '-',S,2025,115,115,,false,originally '-',,,,false,N/A in source; N/A in source,115kV Terminal Equipment at Andover (CLCPA),
Firm Plans,,NGRID,Nile Hill,Nile Hill,,originally '-',S,2025,115,115,,false,originally '-',,,,false,N/A in source; N/A in source,Upgrade terminal equipment at Nile Hill Switch Structure (CLCPA),
Firm Plans,,NGRID,North LeRoy,North LeRoy,,originally '-',S,2025,115,115,,false,originally '-',,,,false,N/A in source; N/A in source,"115kV, North LeRoy Terminal Upgrade (CLCPA)",
Firm Plans,,NGRID,Colton,Dennison,,originally '-',S,2025,115,115,1,true,,916,1118,A,true,,Replace Station connections. Line #5,
Firm Plans,,NGRID,Cortland,Clarks Corners,0.2,,W,2025,115,115,1,true,,176,224,MVA,true,,Replace 0.2 miles of 1(716) line and series equipment,OH
Firm Plans,22,NGRID,Mohican,Mohican,,originally '-',W,2025,115,115,,false,originally 'N/A',,,,false,N/A in source; N/A in source,"Replace 115kV and 34.5kV assets, add 13.2kV substation",
Firm Plans,,NGRID,Rotterdam,Rotterdam,,originally '-',W,2025,115,115,,false,originally '-',,,,false,N/A in source; N/A in source,Upgrade terminal equipment on Lines 10 & 12 at Rotterdam CLCPA,
Firm Plans,,NGRID,Dennison,Dennison Substation,,,W,2025,115,115,,false,originally '-',,,,false,N/A in source; N/A in source,Replace conductor between take off and disconnects,
Firm Plans,,NGRID,East,Conklin East Conklin Substation,,,W,2025,345,345,,false,originally '-',,,,false,N/A in source; N/A in source,Replace three 345kV switches,
Firm Plans,,NGRID,Bailey,Bailey Substation,,,W,2025,345,345,,false,originally '-',,,,false,N/A in source; N/A in source,Replace two 345kV switches,
Firm Plans,,NGRID,Browns Falls,Browns Falls,,originally '-',S,2026,115,115,,false,originally '-',,,,false,N/A in source; N/A in source,Build new SubT facilities to separate assets from the hydroplant,
Firm Plans,,NGRID,Packard,Praxair,,originally '-',S,2026,115,115,2,true,,,,,false,N/A in source; N/A in source,"Remove existing station, replace with a new 115/13.2kV substation.",
Firm Plans,,NGRID,Indian River,North Watertown,8.6,,S,2026,115,115,1,true,,3036,3280,A,true,,New 8.6 mile 115kV circuit with 795ACSR to create a loop connecting two existing radial circuits,OH
Firm Plans,,NGRID,Volney,Volney Substation,,,S,2026,345,345,,false,originally '-',,,,false,N/A in source; N/A in source,Replace twelve 345kV Switches,
Firm Plans,,NGRID,Colton,Browns Falls,,originally '-',S,2026,115,115,1,true,,629,764,A,true,,Flat Rock station (mid-line) upgrades,OH
Firm Plans,,NGRID,Malone,Malone,,originally '-',W,2026,115,115,,false,originally '-',753,753,A,true,,Install PAR on Malone - Willis line 1-910,
Firm Plans,,NGRID,Malone,Malone,,originally '-',W,2026,115,115,,false,originally '-',,,,false,N/A in source; N/A in source,Expand 115-13.2kV substation with a second transformer and feeders,
Firm Plans,,NGRID,Manheim,(Inghams) Manheim (Inghams) Substation,,,W,2026,115,115,,false,originally 'N/A',,,,false,N/A in source; N/A in source,Relocation of the Inghams substation to Manheim (PAR replacement),
Firm Plans,,NGRID,Mallory,Road Mallory Road Substation,,,W,2026,115,115,,false,originally '-',,,,false,N/A in source; N/A in source,Add breakers at new Mallory Road station,
Firm Plans,,NGRID,Packard,Huntley,9.1,,S,2027,115,115,1,true,,262,275,MVA,true,,"Walck-Huntley #133, Packard-Huntley #130 Reconductor",OH
Firm Plans,,NGRID,Walck,Huntley,9.1,,S,2027,115,115,1,true,,262,275,MVA,true,,"Walck-Huntley #133, Packard-Huntley #130 Reconductor",OH
Firm Plans,,NGRID,Oneida,Oneida,,originally '-',S,2027,115,115,,,,,,,false,N/A in source; N/A in source,115kV Oneida Station Rebuild & add Cap bank.,
Firm Plans,22,NGRID,Amsterdam,Rotterdam,1,,S,2027,69,69,2,true,,584,708,A,true,,"Rebuild approximately 1 mile of 69kV. The Amsterdam - Rotterdam project changes the impedances of two 69kV line sections, no ratings impacts.",
Firm Plans,,NGRID,Elm St,Elm St,,originally '-',S,2027,230/23,230/23,,false,originally '-',118,133,MVA,true,,Replace TR2 as failure,
Firm Plans,,NGRID,Taylorville,Taylorville Substation,,,S,2027,115,115,,false,originally '-',,,,false,N/A in source; N/A in source,Rebuild as Breaker 1/2,
Firm Plans,,NGRID,Middle,Road Middle Road Substation,,,S,2027,115,115,,false,originally '-',,,,false,N/A in source; N/A in source,Convert Middle Road station to a six-breaker ring station,
Firm Plans,,NGRID,Coffeen,Coffeen,,,S,2027,115,115,,false,originally '-',,,,false,N/A in source; N/A in source,Coffeen Overvoltage,
Firm Plans,,NGRID,Clinton,Clinton,,originally '-',S,2027,115,115,,false,originally '-',,,,false,N/A in source; N/A in source,Upgrade limiting equipment at Clinton (CLCPA) CLCPA,
Firm Plans,,NGRID,Clay,Clay Substation,,,S,2027,345,345,,false,originally '-',,,,false,N/A in source; N/A in source,Build out two bays at Clay 345kV substation. Extend 345kV cables to Customer Substation,
Firm Plans,,NGRID,Rotterdam,Rotterdam,,originally '-',W,2027,115/69,115/69,,false,originally '-',67,76,MVA,true,,Rebuild Rotterdam 69kV substation and add a 2nd 115/69kV Transformer,
Firm Plans,,NGRID,Rotterdam,Schoharie,0.93,,W,2027,69,115,1,true,,77,93,A,true,,Rebuild 0.93mi double circuit Rotterdam-Schoharie / Schenectady International-Rotterdam,OH
Firm Plans,,NGRID,Schenectady,International Rotterdam,0.93,,W,2027,69,115,1,true,,69,84,A,true,,Rebuild 0.93mi double circuit Rotterdam-Schoharie / Schenectady International-Rotterdam,OH
Firm Plans,,NGRID,Dunkirk,Falconer Substation,,,W,2027,115,115,2,true,,,,,false,N/A in source; N/A in source,"Add breakers to Berry Rd and Baker St, resiliency.",
Firm Plans,,NGRID,Black,River Black River Substation,,,W,2027,115,115,,false,originally '-',,,,false,N/A in source; N/A in source,Upgrade limiting equipment at Black River,
Firm Plans,,NGRID,Coffeen,Lyme Junction,7.4,,W,2027,115,115,1,true,,2228,2718,A,true,,Rebuild the 7.4mi single circuit section of the 115kV Thousand Islands-Coffeen #4 line from Coffeen station to Lyme OH junction,
Firm Plans,,NGRID/NYSEG,Erie,St Gardenville,5.5,,S,2028,115,115,1,true,,139,179,MVA,true,,"Packard-Erie / Niagara-Gardenville Reconfiguration, Gardenville add breakers",OH
Firm Plans,,NGRID,Tar Hill,Tar Hill,,,S,2028,115,115,,,,,,,false,N/A in source; N/A in source,New station to replace Lighthouse Hill.,
Firm Plans,,NGRID,Dunkirk,Falconer,,originally '-',S,2028,115,115,1,true,,,,,false,N/A in source; N/A in source,Replace towers and conductor clearance,
Firm Plans,,NGRID,South,Oswego South Oswego Substation,,,S,2028,115,115,,false,originally '-',,,,false,N/A in source; N/A in source,"Replace breakers, disconnects, conductor drops, and RTU",
Firm Plans,22,NGRID,Marshville,Marshville,,originally '-',S,2028,115/69,115/69,,false,originally 'N/A',,,,false,N/A in source; N/A in source,Replace transformers at Marshville and upgrade associate equipment,
Firm Plans,,NGRID,Golah,Golah,,,S,2028,115,115,,false,originally 'N/A',,,,false,N/A in source; N/A in source,Golah substation rebuild,
Firm Plans,,NGRID,Coffeen Lighthouse Hill,/ Black River,9.5,,S,2028,115,115,1,true,,3036,3280,A,true,,Rebuild the 7.5 mi single circuit and 2.0mi double circuit sections of Coffeen - Black River - Lighthouse Hill,OH
Firm Plans,,NGRID,Coffeen,Black River,7.5,,S,2028,115,115,1,true,,3036,3280,A,true,,Rebuild the 7.5mi single circuit 115kV Coffeen-Black River LN3,OH
Firm Plans,,NGRID,Mcyntyre,Mcyntyre,,,S,2028,115,115,,false,originally '-',,,,false,N/A in source; N/A in source,Mcyntyre Overvoltage,
Firm Plans,,NGRID,Colton,Malone,18.3,,W,2028,115,115,1,true,,3036,3280,A,true,,Rebuild 18.3 mile sincle circuit setion between Colton and Nichoville,OH
Firm Plans,,NGRID,Huntley,Lockport,1.2,,W,2028,115,115,2,true,,747,934,A,true,,Rebuild 1.2 miles of (2) single circuit taps on Huntley-Lockport 36/37 at Ayer Rd,
Firm Plans,,NGRID,Mortimer,Golah,9.7,,W,2028,115,115,1,true,,657,797,A,true,,Refurbish 9.7 miles Single Circuit Wood H-Frames on Mortimer-Golah 110.,
Firm Plans,,NGRID,Boonville,Boonville,,originally '-',W,2028,115,115,,false,originally '-',,,,false,N/A in source; N/A in source,New 115kV station adjacent to existing Boonville sub,
Firm Plans,,NGRID,Mortimer,Golah,9.6,,W,2028,69,115,1,true,,402,492,A,true,,Rebuild 69kV 109 line to 115kV,
Firm Plans,,NGRID,Saltsman,Road Station Saltsman Road Station Substation,,,W,2028,115,115,,false,originally 'N/A',402,426,A,true,,Build a new 115kV Five breaker ring bus transmission station CLCPA,
Firm Plans,,NGRID,Lighthouse,Hill Clay,27,,W,2028,115,115,2,true,,2228,2718,A,true,,Rebuild 27 miles of bussed single circuit as two single circuits,OH
Firm Plans,,NGRID,Brockport,Brockport,3.5,,S,2029,115,115,2,true,,648,650,A,true,,Refurbish 111/113 3.5 mile single circuit taps to Brockport Station.,
Firm Plans,,NGRID,Beaver Creek,Beaver Creek,,originally '-',S,2029,115,115,,false,originally '-',,,,false,N/A in source; N/A in source,Install synchronous Condensers and associated breakers and equipment at Beaver Creek CLCPA,
Firm Plans,,NGRID,Mortimer,Pannell,15.7,,S,2029,115,115,2,true,,221,270,MVA,true,,Reconductor existing Mortimer – Pannell 24 and 25 lines with 795 ACSR,
Firm Plans,22,NGRID,Meco,Meco,,originally '-',W,2029,115/69,115/69,,false,originally 'N/A',,,,false,N/A in source; N/A in source,Rebuild Meco substation and add a 2nd 115/69kV transformer CLCPA,
Firm Plans,,NGRID,Homer Hill,Homer Hill,,originally '-',W,2029,115,115,,false,originally '-',,,,false,N/A in source; N/A in source,Homer Hill Replace five OCB,
Firm Plans,,NGRID,South Oswego,Lighthouse Hill,27,,W,2029,115,115,2,true,,648,846,A,true,,Rebuild 27 miles of double circuit and 2 miles of single circuit 115kV,OH
Firm Plans,,NGRID,East,Avenue East Avenue Substation,,,W,2029,115,115,,false,originally '-',,,,false,N/A in source; N/A in source,"Construct a greenfield 115kV 4 breaker ring station along S Oswego - NMP 1 right of way where S Oswego - Indeck 6 and Indeck - LHH 2 head north to indeck. Comprised of 4 115kV lines, 1 to S Oswego, 1 to LHH, 2 to Indeck.",
Firm Plans,,NGRID,Huntley,Gardenville,23.4,,S,2030,115,115,2,true,,731,887,A,true,,Refurbish 23.4 miles double circuit on Huntley-Gardenville 38/39.,
Firm Plans,,NGRID,Maiden,Lane Maiden Lane Substation,,,S,2030,115,115,,false,originally '-',,,,false,N/A in source; N/A in source,"Construct a greenfield 115kV breaker 1/2 station connecting six 115kV lines. Two lines to South Oswego, two lines to Lighthouse Hill, one line to Nine Mile, one line to Fitzpatrick",
Firm Plans,,NGRID,Cortland,Cortland,,originally '-',S,2030,115,115,,false,originally '-',,,,false,N/A in source; N/A in source,Upgrade Terminal Equipment (CLCPA),
Firm Plans,,NGRID,Packard,Packard,,,S,2030,115,115,,,,,,,false,N/A in source; N/A in source,Packard replace three OCB's,
Firm Plans,,NGRID,Lockport,Lockport,,,W,2030,,,,false,originally 'N/A',,,,false,N/A in source; N/A in source,Rebuild of Lockport Substation and control house,
Firm Plans,,NGRID,Lockport,Lockport Substation,,,W,2030,115,115,,false,originally '-',,,,false,N/A in source; N/A in source,Station Rebuild,
Firm Plans,,NGRID,Gardenville,Ohio,,originally '-',W,2031,115/23,115/23,2,true,,,,,false,N/A in source; N/A in source,New Terminal Station,
Firm Plans,,NGRID,Niagara,Gardenville,26.3,,S,2032,115,115,1,true,,275,350,MVA,true,,Packard-Erie / Niagara-Gardenville Reconfiguration,OH
Firm Plans,,NGRID,Packard,Gardenville,28.2,,S,2032,115,115,2,true,,168,211,MVA,true,,"Packard-Gardenville Reactors, Packard-Erie / Niagara-Gardenville Reconfiguration",OH
Firm Plans,3,NYPA,Niagara,345 kV Niagara 230 kV Transformer,,,In-Service,2024,345/230,345/230,1,true,,376,376,A,true,,Replacement of Niagara AutoTransformer #3,
Firm Plans,3,NYPA,Fraser,Fraser SVC Control,,,In-Service,2024,345,345,1,true,,,,,false,N/A in source; N/A in source,Fraser SVC Control Upgrade,
Firm Plans,3,NYPA,St.,Lawrence 230kV St. Lawrence 115kV Transformer,,,In-Service,2024,230/115,230/115,1,true,,401,479,A,true,,Replacement of St. Lawrence AutoTransformer #2,
Firm Plans,3,NYPA,Sprain,Brook 345 kV Sprain Brook 345 kV Shunt reactor,,,In-Service,2024,345,345,,false,originally '-',,,,false,N/A in source; N/A in source,Replacement of Sprain Brook Shunt Reactor R49 with a spare,
Firm Plans,3,NYPA,Niagara,345 kV Niagara 230 kV Transformer,,,In-Service,2025,345/230,345/230,1,true,,383,383,A,true,,Replacement of Niagara AutoTransformer #5,
Firm Plans,,NYPA,Plattsburgh,230 kV Plattsburgh 115 kV Transformer,,,W,2025,230/115,230/115,1,true,,249,288,A,true,,Replacement of Plattsburgh AutoTransformer #1,
Firm Plans,,NYPA,Moses,Moses Circuit Breakers,,,W,2025,115/230,115/230,,false,originally '-',,,,false,N/A in source; N/A in source,Replacement of St. Lawrence Breaker 115 and 230 kV Replacements,
Firm Plans,580,NYPA/NGRID,STAMP,STAMP Substation,,,S,2026,345/115,345/115,,,,300,300,MVA,true,,Load Interconnection.,
Firm Plans,,NYPA,Moses-St.Lawrence Reynolds,Back to Service,,,S,2026,115,115,1,true,,1004,1121,A,true,,MR3 line back to service to supply loads,
Firm Plans,,NYPA,Massena,Massena Circuit Breakers,,,W,2027,765,765,,false,originally '-',,,,false,N/A in source; N/A in source,Replacement of Massena Breaker 765 kV Replacements,
Firm Plans,,NYPA,Willis,Willis Circuit Breakers,,,W,2028,115/230,115/230,,false,originally '-',,,,false,N/A in source; N/A in source,Replacement of Willis Breaker 115 and 230 kV Replacements,
Firm Plans,,NYPA,Plattsburgh,Plattsburgh Circuit Breakers,,,W,2029,115,115,,false,originally '-',,,,false,N/A in source; N/A in source,Replacement of Plattsburgh Breaker 115 kV Replacements,
Firm Plans,3,NYSEG,Wood,Street Wood Street xfmr,,,In-Service,2024,345/115,345/115,1,true,,327,378,MVA,true,,Transformer #3,
Firm Plans,3,NYSEG/ConEd,Pleasant Valley,Wood St,28.0,,In-Service,2024,345,345,2,true,,3030,3480,A,true,,Tapping 345 kV Line between Pleasant Valley and Millwood West at Wood Street,
Firm Plans,3,NYSEG/ConEd,Wood St,Millwood West,12.4,,In-Service,2024,345,345,2,true,,3030,3480,A,true,,Tapping 345 kV Line between Pleasant Valley and Millwood West at Wood Street,
Firm Plans,3,NYSEG/ConEd,Millwood West,Pleasant Valley,-40.4,,In-Service,2024,345,345,2,true,,3030,3480,A,true,,Tapping 345 kV Line between Pleasant Valley and Millwood West at Wood Street,
Firm Plans,596,NYSEG,Hillside,E. Towanda (PJM) Phase Shifter,,,W,2025,230,230,1,true,,498,498,MVA,true,,Phase Shifting Transformer between Hillside CY19,
Firm Plans,,NYSEG,North Waverly,East Sayre,3.0,,S,2026,115,115,1,true,,218,261,A,true,,"Reconductor existing line with ACSR 795 26/7 ""Drake""",
Firm Plans,,NYSEG,Meyer,Meyer Transformer,,,S,2026,230/115,230/115,1,true,,448,464,A,true,,Transformer #4,
Firm Plans,,NYSEG,Fraser,Fraser Transformer,,,S,2027,345/115,345/115,1,true,,305,364,MVA,true,,Transformer #2 and Station Reconfiguration,
Firm Plans,,NYSEG,Fraser,115 Fraser 115 Rebuild,,,S,2027,115,115,,false,originally 'N/A',,,,false,N/A in source; N/A in source,Station Rebuild to 4 bay BAAH,
Firm Plans,,NYSEG,Delhi,Delhi Removal,,,S,2027,115,115,,false,originally 'N/A',,,,false,N/A in source; N/A in source,Remove 115 substation and terminate existing lines to Fraser 115 (short distance),
Firm Plans,,NYSEG,Clarks,Corners Clarks Corners Upgrades,,,W,2027,115,115,,false,originally 'N/A',,,,false,N/A in source; N/A in source,Clarks Corners Upgrade. 2 Bay 115 kV Expansion to the north. Two new power transformer positions. CLCPA,
Firm Plans,,NYSEG,Etna,Clarks Corners,14.9,,W,2027,115,115,1,true,,288,346,MVA,true,,Clarks Corners Upgrade. Route existing 115 kV Line 945 in-out of the new bay positions. CLCPA,
Firm Plans,,NYSEG,Clarks,Corners Willet,10.4,,W,2027,115,115,1,true,,288,346,MVA,true,,Clarks Corners Upgrade. Route existing 115 kV Line 945 in-out of the new bay positions. CLCPA,
Firm Plans,,NYSEG,Meyer,Meyer Substation,,,W,2028,115,115,1,true,,,,,false,N/A in source; N/A in source,Rebuild Meyer 115 kV bus as 3-bay BAAH,
Firm Plans,,NYSEG,Meyer,Meyer Transformer,,,W,2028,115/34.5,115/34.5,1,true,,50,60,MVA,true,,Transformer #1,
Firm Plans,,NYSEG,Meyer,Meyer Transformer,,,W,2028,115/34.5,115/34.5,1,true,,50,60,MVA,true,,Transformer #2,
Firm Plans,,NYSEG,Lounsberry,Lounsberry Rebuild,,,W,2028,115,115,1,true,,,,,false,N/A in source; N/A in source,New 115 kV four position Ring bus. Install new 22.4 MVA 115/12.5 kV transformer with LTC. Install new 12.5 kV MV GIS CLCPA and Control.,
Firm Plans,,NYSEG,West Erie,Sullivan Park,3.0,,S,2029,115,115,1,true,,278,306,MVA,true,,Rebuild the existing 3 mile 115 kV line #711 with 2156 Bluebird ACSR conductor. CLCPA,
Firm Plans,,NYSEG,Sullivan Park,Stoney Ridge,6.0,,S,2029,115,115,1,true,,278,306,MVA,true,,Rebuild the existing 6 mile 115 kV line #712 with 2156 Bluebird ACSR conductor. CLCPA,
Firm Plans,,NYSEG,Hickling,Hickling Rebuild,,,S,2029,115,115,,false,originally 'N/A',,,,false,N/A in source; N/A in source,"Full rebuild of the substation as a 115 kV four bay BAAH AIS design, Additional sub transmission and distribution CLCPA upgrades.",
Firm Plans,,NYSEG,Hickling,Hickling Transformer,,,S,2029,115/34.5,115/34.5,2,true,,50,60,MVA,true,,Two (2) new 115/34.5 kV 50 MVA transformers. CLCPA,
Firm Plans,,NYSEG,Stoney,Ridge Stoney Ridge Transformer,,,S,2029,230,115,1,true,,448,464,MVA,true,,Upgrade the 230/115 kV 1T transformer at Stoney Ridge to 448 MVA. CLCPA,
Firm Plans,,NYSEG,South,Perry South Perry Substation,,,W,2029,115,115,1,true,,,,,false,N/A in source; N/A in source,Rebuild South Perry 115 kV bus as 3-bay BAAH,
Firm Plans,,NYSEG,South,Perry South Perry Transformer,,,W,2029,115/69,115/69,1,true,,50,60,MVA,true,,Transformer #3,
Firm Plans,,NYSEG,South,Perry South Perry Transformer,,,W,2029,230/115,230/115,1,true,,246,302,A,true,,Transformer #4,
Firm Plans,,NYSEG,Greenidge,Greenidge Capacitor,,,W,2029,115,115,,false,originally 'N/A',,,,false,N/A in source; N/A in source,"One (1) new 115 kV circuit breaker for Line 968, Line 968 terminal work, and a new 30 MVAR capacitor bank (with 115 CLCPA kV circuit breaker).",
Firm Plans,,NYSEG,Watercure,Watercure Rebuild,,,W,2029,345/115,345/115,,false,originally 'N/A',,,,false,N/A in source; N/A in source,"Expand the 345 kV two bay BAAH with one (1) empty bay position, adding a three bay 115 kV BAAH. Reroute 115 kV lines CLCPA to new 115 kV BAAH.",
Firm Plans,,NYSEG,Watercure,Watercure Transformer,,,W,2029,345/115,345/115,1,true,,448,464,A,true,,Add one (1) new 345/115 kV two winding 448 MVA transformer. CLCPA,
Firm Plans,,NYSEG,Hillside,Hillside Remove,,,W,2029,115,115,,false,originally 'N/A',,,,false,N/A in source; N/A in source,Reroute the Hillside 115 kV lines to new 115 kV station at Watercure. CLCPA,
Firm Plans,,NYSEG,Hillside,Hillside Upgrades,,,W,2029,30/115/34.30/115/34.5,,,false,originally 'N/A',,,,false,N/A in source; N/A in source,"Replace two 230 kV breakers, separating the 34.5 kV breaker positions of Bank 3 and 4. CLCPA",
Firm Plans,,NYSEG,Bath,Bath Rebuild,,,S,2030,115,115,,false,originally 'N/A',,,,false,N/A in source; N/A in source,Full rebuild of substation as 115 kV three bay breaker and a half (BAAH) air insulated substation (AIS) CLCPA,
Firm Plans,,NYSEG,Bath,Bath Transformer,,,S,2030,115/34.5,115/34.5,2,true,,50,60,MVA,true,,Two (2) new 115/34.5 kV 50 MVA transformers CLCPA,
Firm Plans,,NYSEG,Bath,Bath SVC,,,S,2030,115,115,,false,originally 'N/A',,,,false,N/A in source; N/A in source,+150/-150 MVAR dynamic VAR compensation unit (STATCOM or SVC) CLCPA,
Firm Plans,,NYSEG,New,Gardenville New Gardenville Transformer,,,W,2030,230/115,230/115,1,true,,316,370,MVA,true,,NYSEG Transformer #6 and Station Reconfiguration,
Firm Plans,,NYSEG,New,Gardenville New Gardenville Transformer,,,W,2030,115/34.5,115/34.5,1,true,,50,60,A,true,,NYSEG Transformer #7 and Station Reconfiguration,
Firm Plans,,NYSEG,New,Gardenville New Gardenville Transformer,,,W,2030,115/34.5,115/34.5,2,true,,50,60,A,true,,NYSEG Transformer #8 and Station Reconfiguration,
Firm Plans,,NYSEG,Oakdale,345 Oakdale 345 Rebuild,,,W,2030,345,345,,false,originally 'N/A',,,,false,N/A in source; N/A in source,Expand existing 345 kV bus to 3 bay BAAH. CLCPA,
Firm Plans,,NYSEG,Oakdale,115 Oakdale 115 Rebuild,,,W,2030,115,115,,false,originally 'N/A',,,,false,N/A in source; N/A in source,Complete rebuild of 115 kV to 6 bay BAAH. CLCPA,
Firm Plans,,NYSEG,Westover,115 Westover Removal,,,W,2030,115,115,,false,originally 'N/A',,,,false,N/A in source; N/A in source,Retire 115 kV Westover Substation. Rebuild Westover 34.5 kV out of flood zone. CLCPA,
Firm Plans,,NYSEG,Oakdale,345 Oakdale 115 Transformer,,,W,2030,45/115/34.45/115/34.,1,,,,448,464,MVA,true,,Add one new 345/115/34.5 kV Transformer CLCPA,
Firm Plans,,NYSEG,Oakdale,345 Oakdale 115 Transformer,,,W,2030,45/115/34.45/115/34.,2,,,,448,464,MVA,true,,Replace Existing B2 & B3 Transformers CLCPA,
Firm Plans,,NYSEG,Bennett,Bennett Rebuild,,,W,2030,115,115,,false,originally 'N/A',,,,false,N/A in source; N/A in source,"Partial rebuild with 115kV bus expansion, and terminal work on L725. CLCPA",
Firm Plans,,NYSEG,Montour,Falls Montour Falls Rebuild,,,S,2031,115/34.5,115/34.5,,false,originally 'N/A',,,,false,N/A in source; N/A in source,Full rebuild as a four bay BAAH AIS Additional sub CLCPA transmission and distribution upgrades.,
Firm Plans,,NYSEG,Montour,Falls Montour Falls Transformer,,,S,2031,115/34.5,115/34.5,2,true,,50,60,MVA,true,,Two (2) new 115/34.5 kV 50 MVA transformers. CLCPA,
Firm Plans,,NYSEG,Montour Falls,Montour Falls Capacitor,,,S,2031,115,115,2,true,,30,30,MVA,true,,Two (2) new 115 kV 30 MVAR capacitor banks CLCPA,
Firm Plans,,NYSEG,Eelpot,Eelpot Expansion,,,S,2032,115,115,,false,originally 'N/A',,,,false,N/A in source; N/A in source,"Addition of a new 115 kV circuit breaker,and 115 kV line terminal work. CLCPA",
Firm Plans,,NYSEG,Eelpot,Eelpot SVC,,,S,2032,115,115,,false,originally 'N/A',,,,false,N/A in source; N/A in source,A +100/100 MVAR new dynamic VAR compensation unit (STATCOM or SVC). CLCPA,
Firm Plans,,NYSEG,South,Perry South Perry Transformer,,,W,2032,115/34.5,115/34.5,2,true,,50,60,MVA,true,,Transformer #1,
Firm Plans,"7,3",O & R/ConEd,Ladentown,Buchanan,-9.5,,In-Service,2024,345,345,1,true,,3000,3211,A,true,,2-2493 ACAR,
Firm Plans,"7,3",O & R/ConEd,Ladentown Lovett 345,kV Station (New Station),7.99,,In-Service,2024,345,345,1,true,,3000,3480,A,true,,2-2493 ACAR,
Firm Plans,"7,3",O & R/ConEd,Lovett 345 kV,Station (New Station) Buchanan,1.37,,In-Service,2024,345,345,1,true,,3000,3211,A,true,,2-2493 ACAR,
Firm Plans,Transformer Normally Open; 3,O & R,Lovett,345 kV Station (New Station) Lovett Transformer,,,In-Service,2024,345/138,345/138,1,true,,283,367,MVA,true,,Transformer Normally Open; Substation limiting element currently undergoing upgrade Substation limiting element currently undergoing upgrade,
Firm Plans,,O & R,Ramapo,Sterling Forest,9.7,,In-Service,2024,138,138,1,true,,646,770,A,true,,Reconductor and reposition at Ramapo 138kV Station Reconductor and reposition at Ramapo 138kV Station,
Firm Plans,,O & R,Ramapo NY/NJ,State Line,3.29,,In-Service,2024,138,138,1,true,,1294,1525,A,true,,Reconductor and reposition at Ramapo 138kV Station Reconductor and reposition at Ramapo 138kV Station,
Firm Plans,3,O & R,Corporate,Drive -,,originally '-',S,2025,138,138,1,true,,16,16,MVA,true,,Capacitor bank,
Firm Plans,,RGE,Station 168,Station,168,,S,2025,115,115,1,true,,,,,false,N/A in source; N/A in source,"Add breakers to Station 168 115 kV bus, sectionalizing existing lines Trunks 4, 2, and 7.",OH
Firm Plans,,RGE,Station 127,Station,127,,W,2025,115,115,1,true,,,,,false,N/A in source; N/A in source,New 115 kV terminals for Trunk 2,
Firm Plans,,RGE,Station 127,Station,127,,W,2025,115,115,2,true,,,,,false,N/A in source; N/A in source,2 New 115 kV capacitor banks,
Firm Plans,,RGE,Station 33,Station 251 (Upgrade Line #942),,,S,2030,115,115,1,true,,400,400,MVA,true,,Line Upgrade,
Firm Plans,22,RGE,Station 33,Station 251 (Upgrade Line #943),,,S,2030,115,115,1,true,,400,400,MVA,true,,Line Upgrade,
Firm Plans,,RGE,Station 418,Station 7,22.8,,S,2030,115,115,1,true,,267,326,MVA,true,,Monroe County Reliability Project Line Rebuild and Reconductor,
Firm Plans,,RGE,Station 82,Station 251 (Upgrade Line #902),,,S,2030,115,115,1,true,,400,400,MVA,true,,Line Upgrade,
Firm Plans,,RGE,Mortimer Station 251,(Upgrade Line #901),1,,S,2030,115,115,1,true,,400,400,MVA,true,,Line Upgrade,
Firm Plans,,Coned,Queens,Queens,,originally '-',S,2028,138,138,,false,originally '-',,,,false,N/A in source; N/A in source,Queens Clean Energy Hub,
Firm Plans,,ConEd,Eastern Queens Clean Energy Hub,Eastern Queens Clean Energy Hub,,originally '-',S,2028,138,138,,false,originally 'N/A',,,,false,N/A in source; N/A in source,New 138 kV Substation,
Firm Plans,,LIPA,Belmont,Belmont,,originally '-',S,2025,69,69,,false,originally '-',,,,false,N/A in source; N/A in source,Upgrade substation to 69kV Operation,
Firm Plans,,LIPA,Lake,Success Belmont,4.25,,S,2025,69,69,1,true,,996,996,A,true,,New 69kV line associated with Belmont 69kV Conversion - 2500KCM XLPE,UG
Firm Plans,,LIPA,Belmont,Whiteside,1.75,,S,2025,69,69,1,true,,996,996,A,true,,New 69kV line associated with Belmont 69kV Conversion - 2500KCM XLPE,UG
Firm Plans,,LIPA,Shore,Road Shore Road Shunt Reactor,,,W,2026,138,138,,false,originally '-',,,,false,N/A in source; N/A in source,Installation of 80 MVAR Shunt Reactor,
Firm Plans,,LIPA,Holbrook,Holbrook Transformer,,,S,2027,138/69,138/69,,false,originally '-',224,224,MVA,true,,Replace the two existing 138/69kV transfomers with a single 224MVA unit,
Firm Plans,,LIPA,Canal,Deerfield,8.65,,S,2027,69,69,1,true,,112,112,MVA,true,,Parallel two OH 69kV transmission circuits between Canal and Deerfield - '336SSAC,OH
Firm Plans,,LIPA,Southampton,Deerfield,4,,S,2027,69,138,1,true,,140,140,MVA,true,,Install New 138kV circuit to be operated at 69kV between Southampton and Deerfield - '2000 SQMM XLPE,
Firm Plans,,LIPA,Moriches,Moriches Series Reactor,,,S,2027,69,69,,false,originally '-',,,,false,N/A in source; N/A in source,Install 2 OHM Series reactor on Moriches - South Manor 69kV Circuit,
Firm Plans,,LIPA,Far,Rockaway Far Rockaway Transformer,,,S,2029,69/34.5,69/34.5,,false,originally '-',40,40,MVA,true,,Replace Bank #5 69/34.5kV transformer with a 40MVA nameplate unit,
Firm Plans,,LIPA,Far,Rockaway Far Rockaway Transformer,,,S,2029,69/34.5,69/34.5,,false,originally '-',40,40,MVA,true,,Replace Bank #6 69/34.5kV transformer with a 40MVA nameplate unit,
Firm Plans,,LIPA,Newbridge,Road Meadowbrook,0.61,,S,2029,69,69,1,true,,149,149,MVA,true,,Upgrade the OH circuit between Newbridge rd and Meadowbrook,OH
Firm Plans,,LIPA,Riverhead,Riverhead Transformer,,,S,2029,138/69,138/69,,false,originally '-',224,224,MVA,true,,Replace 138/69kV transformer with a 224MVA nameplate unit,
Firm Plans,,LIPA,Riverhead,Riverhead Transformer,,,S,2029,138/69,138/69,,false,originally '-',224,224,MVA,true,,Replace 138/69kV transformer with a 224MVA nameplate unit,
Firm Plans,,LIPA,Ocean Beach,Fire Island Pines,5.9,,S,2029,23,23,1,true,,602,602,A,true,,Install New 23kV Circuit - 1500KCM cable,
Firm Plans,,LIPA,Riverhead,Brookhaven,9.43,,S,2030,138,138,1,true,,240,240,MVA,true,,Convert the existing 69kV OH circuit between Brookhaven and Riverhead to 138kV,OH
Firm Plans,,LIPA,Moriches,South Manor,2.27,,S,2030,69,69,1,true,,1364,1364,A,true,,Rebuild existing 69kV like with 1272ACSS Conductor,OH
Firm Plans,,LIPA,Bridgehampton,Deerfield,4.8,,S,2032,69,138,1,true,,112,112,MVA,true,,Installation of new 138kV circuit to be operated at 69kV between Deerfield and Bridgehampton,UG
Firm Plans,,LIPA,Malverne,West Hempstead,2.16,,S,2033,69,69,1,true,,77,77,MVA,true,,Upgrade the OH circuit between Malverne and West Hempstead,OH
Firm Plans,,LIPA,Wainscott,Wainscott,,originally '-',S,2033,138,138,,false,originally '-',,,,false,dash placeholder in source; dash placeholder in source,New Wainscott substation with 138kV transmission supply from Edwards Ave,
Firm Plans,,NGRID,Mumford,Mumford,,originally '-',In-Service,2024,115,115,,false,originally '-',,,,false,N/A in source; N/A in source,115kV Terminal Equipment at Mumford (CLCPA),
Firm Plans,,NGRID,Whitaker,Whitaker,,originally '-',S,2025,115,115,,false,originally '-',,,,false,N/A in source; N/A in source,Install automatic line sectionalizing scheme at Whitaker,
Firm Plans,,NGRID,Gilbert Mills,Gilbert Mills,,originally '-',S,2025,115,115,,false,originally '-',,,,false,N/A in source; N/A in source,Install automatic line sectionalizing scheme at Gilbert Mills,
Firm Plans,,NGRID,New Krumkill,New Krumkill,,originally '-',W,2026,115,115,,false,originally '-',,,,false,N/A in source; N/A in source,Add automatic line sectionalizing scheme,
Firm Plans,,NGRID,Dunkirk,Laona,10.5,,S,2027,115,115,2,true,,847,1063,A,true,,115kV Reconductor approximately 5 miles (CLCPA),
Firm Plans,,NGRID,Lockport,Batavia,20,,S,2028,115,115,1,true,,646,784,A,true,,Rebuild 20 miles of Lockport-Batavia 112,
Firm Plans,1672,NGRID,Ames,Road Station (Marshville) Ames Road Station (Marshville) Substation,,,S,2028,345/115,345/115,,false,originally 'N/A',,,,false,N/A in source; N/A in source,Construct a new 345kV/115kV station in a breaker and a half configuration CLCPA,
Firm Plans,,NGRID,Black River,Middle Road,4.89,,S,2028,115,115,1,true,,3036,3280,A,true,,Rebuild as single circuit line,OH
Firm Plans,,NGRID,Greenbush,Greenbush,,originally '-',S,2028,115,115,,false,originally '-',,,,false,N/A in source; N/A in source,Rebuild 115 kV portion of Station using BAH configuration,
Firm Plans,,NGRID,Southwood,Southwood,,originally '-',S,2028,115,115,,false,originally '-',,,,false,N/A in source; N/A in source,Install 115kV breakers at Southwood,
Firm Plans,,NGRID,Pebble Hill,Pebble Hill,,originally '-',S,2028,115,115,,false,originally '-',,,,false,N/A in source; N/A in source,Install 115kV breakers at Pebble Hill,
Firm Plans,,NGRID,Black,River Taylorville,26.1,,S,2029,115,115,2,true,,3036,3280,A,true,,Rebuild double-circuit as 2x single-circuit,OH
Firm Plans,,NGRID,Taylorville,Boonille,33.9,,W,2029,115,115,2,true,,3036,3280,A,true,,Rebuild the 33.9mi double circuit Taylorville - Boonville #5 and Taylorville - Boonville #6 as two single circuit lines,OH
Firm Plans,,NGRID,Black River,Lighthouse Hill,45.15,,S,2029,115,115,1,true,,3036,3280,A,true,,Rebuild as single circuit line,OH
Firm Plans,,NGRID,Pannell,Geneva,,,S,2029,115,115,2,true,,,,,false,N/A in source; N/A in source,Critical Road crossings replace on Pannell-Geneva 4/4A,
Firm Plans,,NGRID,Pebble Hill/Southwood,Pebble Hill/Southwood,,originally '-',S,2029,115,115,,false,originally '-',,,,false,N/A in source; N/A in source,Install breakers and associated equipment at Pebble Hill and Southwood,
Firm Plans,,NGRID,Middle Road,Lighthouse Hill,30.66,,S,2029,115,115,1,true,,3036,3280,A,true,,Rebuild as single circuit line,OH
Firm Plans,,NGRID,State,Campus Menands,0.25,,W,2029,115,115,1,true,,1105,1347,A,true,,"Replace 0.25 miles of UG cable on line #15, size TBD in 2025",
Firm Plans,,NGRID,State,Campus Woodlawn,0.25,,W,2029,115,115,1,true,,1105,1347,A,true,,"Replace 0.25 miles of UG cable on line #12, size TBD in 2025",
Firm Plans,,NGRID,Meco,Maple Avenue,15.71,,W,2029,115,115,1,true,,1398,1708,A,true,,Rebuild 115kV DCT CLCPA,
Firm Plans,,NGRID,Maple,Avenue Rotterdam,15.08,,W,2029,115,115,1,true,,1398,1708,A,true,,Rebuild 115kV DCT CLCPA,
Firm Plans,,NGRID,Inghams,Stoner,23.8,,W,2029,115,115,1,true,,1398,1708,A,true,,Rebuild 115kV DCT CLCPA,
Firm Plans,,NGRID,Stoner,Rotterdam,23.12,,W,2029,115,115,1,true,,1398,1708,A,true,,Rebuild 115kV DCT CLCPA,
Firm Plans,,NGRID,Coffeen,Coffeen,,originally '-',W,2029,115,115,,false,originally '-',,,,false,N/A in source; N/A in source,"Expand Coffeen station to install two Synchronous Condensers along with associated transformers, breakers and other CLCPA equipment.",
Firm Plans,,NGRID,Boonville,Porter,27,,S,2030,115,115,2,true,,2228,2718,A,true,,Rebuild the 27mi double circuit Boonville - Porter #1 and #2 as two single circuit lines,OH
Firm Plans,22,NGRID,SE,Batavia Golah,27.8,,S,2030,115,115,1,true,,648,846,A,true,,Refurbish 27.8 miles Single Circuit Wood H-Frames on SE Batavia-Golah 119,
Firm Plans,,NGRID,Gloversville,Marshville,21.62,,W,2030,69,69,1,true,,1105,1347,A,true,,Rebuild approximately 20 miles of 69kV,
Firm Plans,,NGRID,Gardenville,Dunkirk,20,,W,2031,115,115,2,true,,1105,1346,A,true,,Rebuild from North Angola to Dunkirk.,
Firm Plans,,NGRID,Eastover Road,Eastover Road,,originally '-',S,2032,230,230,,false,originally '-',70,70,MVAR,true,,Install an additional 70MVAR capacitor bank at Eastover 230kV,
Firm Plans,,NGRID,Luther Forest,Luther Forest,,originally '-',S,2032,115,115,,false,originally '-',55,55,MVAR,true,,Install a third 55MVAR capacitor bank at Luther Forest,
Firm Plans,,NGRID,Browns,Falls Taylorville,,originally '-',S,2040,115,115,1,true,,584,702,A,true,,Terminal equipment upgrades,
Firm Plans,,NYPA,Astoria,Annex Astoria Annex Shunt Reactor,,,W,2027,345,345,2,true,,,,,false,TBD in source; TBD in source,Replacement of Astoria Annex 345 kV Shunt Reactors,
Firm Plans,,NYPA,Marcy,Marcy Circuit Breakers,,,S,2028,345/765,345/765,,false,originally 'N/A',,,,false,N/A in source; N/A in source,Marcy Breaker Replacement 345 and 765 kV Replacements,
Firm Plans,,NYSEG,Bennett,Andover Upgrades,,,S,2026,115,115,,false,originally 'N/A',,,,false,N/A in source; N/A in source,Install a Power Flow Control Device at Bennett Substation and perform in-kind structure replacements where required to CLCPA address all asset condition issues.,
Firm Plans,,NYSEG,Bennett,Spencer Hill,5.0,,W,2028,115,115,1,true,,419,505,MVA,true,,Rebuild the existing 5-mile 115 kV line #953 with 2156 Bluebird ACSR conductor. CLCPA,
Firm Plans,,NYSEG,Hickling,Caton,9.0,,S,2029,115,115,1,true,,419,505,MVA,true,,Rebuild the existing 9 mile 115 kV line #935 with 2156 Bluebird ACSR conductor. CLCPA,
Firm Plans,,NYSEG,Jennison,Jennison Rebuild,,,W,2029,115,115,1,true,,,,,false,N/A in source; N/A in source,Complete rebuild of 115 kV to 4 bay BAAH. Bring Line 919 in and out of Jennison. CLCPA,
Firm Plans,,NYSEG,Jennison,Jennison Transformer,,,W,2029,115/34.5,115/34.5,2,true,,50,60,MVA,true,,Install two new transformers with LTCs. CLCPA,
Firm Plans,,NYSEG,Fraser,Sydney Tap,20.0,,W,2029,115,115,1,true,,288,346,MVA,true,,Reconductor L949-1 (Fraser to Sydney Tap) with 1192.5 ACSR CLCPA,
Firm Plans,,NYSEG,Hillside,South Owego,45.6,,W,2029,115,115,1,true,,288,346,MVA,true,,Rebuild Line 962 as a 115 kV line with 1192 ACSR conductor. Modify terminal bay at Hillside. Designation changed from CLCPA 962 to 750,
Firm Plans,,NYSEG,Montour,Falls Coddington,21.5,,W,2029,115,115,1,true,,288,346,MVA,true,,Rebuild the existing 21 mile 115 kV line #982 with 1192 Bunting ACSR conductor on the existing centerline with light duty CLCPA steel monopole structures,
Firm Plans,,NYSEG,South,Owego Oakdale,18.0,,W,2029,115,115,1,true,,288,346,MVA,true,,Rebuild the existing 18 mile 115 kV line #961 with 1192 ACSR conductor. Modify terminal bay at South Owego CLCPA,
Firm Plans,,NYSEG,Bath,Spencer Hill,15.0,,W,2029,115,115,1,true,,432,545,MVA,true,,Rebuild the existing 15-mile 115 kV line #723 with bundled 795 Drake ACSR conductor. CLCPA,
Firm Plans,,NYSEG,Jennison,East Norwich,20.0,,W,2030,115,115,1,true,,288,346,MVA,true,,Reconductor L946 (Jennison to East Norwich) with 1192.5 ACSR CLCPA,
Firm Plans,,NYSEG,Sydney,Tap Jennison,6.5,,W,2030,115,115,1,true,,288,346,MVA,true,,Reconductor L949-2(Jennison to Sydney Tap) with 1192.5 ACSR CLCPA,
Firm Plans,,NYSEG,Bath,Montour Falls,22.0,,W,2030,115,115,1,true,,456,548,MVA,true,,Rebuild the existing 22-mile 115 kV line #965 with bundled 795 Drake ACSR conductor. Line is being bisected by Q617 CLCPA into Line #965 and Line #753.,
Firm Plans,,NYSEG,Canandaigua,Stoney Ridge,24.0,,W,2030,230,230,1,true,,795,853,MVA,true,,Rebuild the existing 24 mile 230 kV line #68 with mile 230 kV line with bundled 1192 Bunting ACSR ACSR conductor. CLCPA,
Firm Plans,,NYSEG,Montour,Falls Watercure,23.9,,S,2031,115,115,1,true,,288,346,MVA,true,,Rebuild the existing double circuit line #978 with 1192 ACSR . CLCPA,
Firm Plans,,NYSEG,Hillside,Watercure,1.0,,S,2031,230,230,1,true,,819,972,MVA,true,,Rebuild the existing 1 mile 230 kV line #69 with 2156 Bluebird ACSR conductor. CLCPA,
Firm Plans,,NYSEG,Eelpot,Flat Street,23.0,,S,2031,115,115,1,true,,345,415,MVA,true,,Rebuild the existing 23-mile 115 kV line #722 with 2156 Bluebird ACSR conductor. CLCPA,
Firm Plans,,NYSEG,Flat,Street Greenidge,5.0,,S,2031,115,115,1,true,,345,415,MVA,true,,Rebuild the existing 5-mile 115 kV line #968 with 2156 Bluebird ACSR conductor. CLCPA,
Firm Plans,,NYSEG,Stolle Rd,High Sheldon,11.0,,S,2031,230,230,1,true,,795,853,MVA,true,,Rebuild the existing 11-mile 230 kV line #67 with bundled 1192 Bunting ACSR conductor on an offset with steel monopole CLCPA structures..,
Firm Plans,,NYSEG,Montour,Falls Watercure,17.2,,W,2031,115,115,1,true,,345,415,MVA,true,,Rebuild the existing double circuit 115 kV line #963 with 1590 Falcon ACSR. CLCPA,
Firm Plans,,NYSEG,Stoney,Ridge Hillside,27.0,,W,2032,230,230,1,true,,795,886,MVA,true,,Rebuild the existing 27 mile 230 kV line #72 with 2156 Bluebird ACSR conductor. CLCPA,
Firm Plans,,NYSEG,South,Perry Meyer,19.0,,W,2032,115,115,1,true,,228,274,MVA,true,,Rebuild the existing 19-mile 115 kV line #934 with 795 Drake ACSR conductor on an offset with light duty steel monopole CLCPA structures.,
Firm Plans,,NYSEG,Willis,Malone,11.0,,W,2032,115,115,1,true,,228,262,MVA,true,,Rebuild the existing 11-mile 115 kV line with 795 Drake ACSR conductor on an offset with light duty steel monopole CLCPA structures.,
Firm Plans,,NYSEG,Meyer,Eelpot,15.0,,W,2033,115,115,1,true,,345,415,MVA,true,,Rebuild the existing 15-mile 115 kV line #724 with 2156 Bluebird ACSR conductor. CLCPA,
Firm Plans,,O & R,West Milford,West Milford,,originally '-',W,2025,69,69,1,true,,,,,false,TBD in source; TBD in source,16 MVARS cap bank,
Firm Plans,,O & R,Burns,West Nyack,5,,S,2026,138,138,1,true,,940,940,A,true,,UG Cable,
Firm Plans,,O & R,West,Nyack West Nyack Transformer,,,W,2026,138/69,138/69,1,true,,196,196,MVA,true,,TRANSFORMER,
Firm Plans,,O & R,Forrest Avenue,Forrest Avenue,,originally '-',W,2026,69,69,1,true,,,,,false,TBD in source; TBD in source,32 MVARS cap bank,
Firm Plans,,O & R,West Milford,West Milford,,originally '-',W,2026,69,69,1,true,,,,,false,TBD in source; TBD in source,32 MVARS cap bank,
Firm Plans,,O & R,Dean,Dean Substation,,,S,2027,34.5,69,1,true,,,,,false,N/A in source; N/A in source,Station Reconfiguration,
Firm Plans,,O & R,Shoemaker,Pocatello,,originally '-',W,2027,34.5,69,2,true,,,,,false,TBD in source; TBD in source,Reconductoring with double circuits,
Firm Plans,,O & R,Monroe,Blooming Grove,,originally '-',W,2027,69,69,1,true,,,,,false,TBD in source; TBD in source,Line rebuild,
Firm Plans,,O & R,West Warwick,West Warwick,,originally '-',W,2027,69,69,1,true,,,,,false,TBD in source; TBD in source,32 MVARS cap bank,
Firm Plans,,O & R,West Milford,West Milford,,originally '-',W,2027,138,138,1,true,,,,,false,TBD in source; TBD in source,Breaker replacement,
Firm Plans,,O & R,West Point,West Point,,originally '-',W,2027,69,69,1,true,,,,,false,TBD in source; TBD in source,32 MVARS cap bank,
Firm Plans,,O & R,Shoemaker,Shoemaker,,originally '-',W,2028,138/69,138/69,1,true,,,,,false,TBD in source; TBD in source,Transmission lines reconfiguration,
Firm Plans,,O & R,Port,Jervis Rio,,originally '-',W,2028,34.5,69,1,true,,,,,false,TBD in source; TBD in source,Upgrade L18,
Firm Plans,,O & R,Washington,Heights Bullville,,originally '-',W,2028,34.5,69,1,true,,,,,false,TBD in source; TBD in source,New 69kV line,
Firm Plans,,O & R,West Milford,West Milford,,originally '-',W,2028,69,69,1,true,,,,,false,TBD in source; TBD in source,16 MVARS cap bank,
Firm Plans,,O & R,West Nyack,West Nyack,,originally '-',S,2029,138,138,1,true,,,,,false,N/A in source; N/A in source,Station Reconfiguration,
Firm Plans,,O & R,West Nyack (NY),Harings Corner (RECO),7,,S,2029,69,138,1,true,,1604,1723,A,true,,795 ACSS,
Firm Plans,,O & R,Shoemaker,Shoemaker Cap Bank,,,W,2029,138,138,1,true,,50,50,MVA,true,,(2) Capacitor Banks,
Firm Plans,,O & R,Shoemaker,Shoemaker Substation,,,W,2029,138/69,138/69,1,true,,,,,false,N/A in source; N/A in source,New substations,
Firm Plans,,O & R,Wilson,Gate Wilson Gate Substation,,,W,2029,138/69,138/69,1,true,,,,,false,N/A in source; N/A in source,Station Reconfiguration,
Firm Plans,,O & R,Little,Tor - Cap Bank,,,S,2030,138,138,1,true,,32,32,MVAR,true,,Capacitor bank,
Firm Plans,,O & R,Shoemaker,Cuddebackville,,originally '-',W,2030,69,138,1,true,,,,,false,TBD in source; TBD in source,Reconductor L12 & L13/L131,
Firm Plans,,O & R,Decker,Bullville,,originally '-',W,2030,34.5,69,1,true,,,,,false,TBD in source; TBD in source,Upgrade L100,
Firm Plans,,O & R,Pcatello,Decker,,originally '-',W,2031,34.5,69,1,true,,,,,false,TBD in source; TBD in source,L4/L6 upgrade,
Firm Plans,,O & R,Ramapo,Sugarloaf,17,,W,2036,138,138,1,true,,1980,2120,A,true,,1272 ACSS,
Firm Plans,,RGE,Station 418,Station 48,7.6,,S,2027,115,115,1,true,,175,225,MVA,true,,New 115kV Line,OH
Firm Plans,,RGE,Station 82,Station 128,30.0,,S,2031,115,115,1,true,,345,415,MVA,true,,Rebuild the existing 30-mile 115 kV line #906 with 1590 Falcon ACSR conductor on an offset with light duty steel CLCPA monopole structures..,
